{
  "project_info": {
    "project_number": "819416334405",
    "project_id": "loginsign-f793d",
    "storage_bucket": "loginsign-f793d.appspot.com"
  },
  "client": [
    {
      "client_info": {
        "mobilesdk_app_id": "1:819416334405:android:5fcbb2ce926b9f8723632c",
        "android_client_info": {
          "package_name": "com.newwwww.app"
        }
      },
      "oauth_client": [],
      "api_key": [
        {
          "current_key": "AIzaSyBL8Oq2ZphhWWsIPj8UxfuntEtoL2eM-GU"
        }
      ],
      "services": {
        "appinvite_service": {
          "other_platform_oauth_client": []
        }
      }
    }
  ],
  "configuration_version": "1"
}